<?xml version="1.0" encoding="UTF-8" standalone="yes"?>
<groupHaul xmlns:a="http://www.appian.com/ae/types/2009">
    <versionUuid>_e-0000e33e-306f-8000-2e07-011e94011e94_22</versionUuid>
    <group>
        <name>CLN All Users</name>
        <securityMap>SECURITYMAP_TEAM</securityMap>
        <uuid>_e-0000e33e-306f-8000-2e07-011e94011e94_21</uuid>
        <groupTypeUuid>SYSTEM_GROUP_TYPE_CUSTOM</groupTypeUuid>
        <description></description>
        <delegatedCreation>false</delegatedCreation>
        <memberPolicy>MEMBERPOLICY_CLOSED</memberPolicy>
        <viewingPolicy>VIEWINGPOLICY_LOW</viewingPolicy>
        <attributes/>
    </group>
    <members>
        <users/>
        <groups>
            <groupUuid>_e-0000e33e-306f-8000-2e07-011e94011e94_23</groupUuid>
        </groups>
    </members>
    <admins>
        <users/>
        <groups>
            <groupUuid>_e-0000e33e-306f-8000-2e07-011e94011e94_23</groupUuid>
        </groups>
    </admins>
    <ruleSet/>
    <history>
        <historyInfo versionUuid="_e-0000e33e-306f-8000-2e07-011e94011e94_22"/>
    </history>
</groupHaul>
