<?xml version="1.0" encoding="UTF-8" standalone="yes"?>
<applicationHaul xmlns:a="http://www.appian.com/ae/types/2009">
    <versionUuid>_a-0000ea24-8ddb-8000-550e-3aef903aef90_7685</versionUuid>
    <application>
        <name>Environmental Cleanup 2.1.1</name>
        <uuid>_a-0000e02b-d480-8000-9ba2-011c48011c48_578584</uuid>
        <description>Application used to cleanup non-prod environments</description>
        <parentUuid>SYSTEM_APPLICATIONS_ROOT</parentUuid>
        <visibility>
            <advertise>false</advertise>
            <hierarchy>true</hierarchy>
            <indexable>true</indexable>
            <quota>false</quota>
            <searchable>true</searchable>
            <system>false</system>
            <unlogged>false</unlogged>
        </visibility>
        <urlIdentifier>CAnpBw</urlIdentifier>
        <published>true</published>
        <public>false</public>
        <prefix></prefix>
        <associatedObjects>
            <globalIdMap>
                <item>
                    <type>datatype</type>
                    <uuids>
                        <uuid>{urn:com:appian:types}CLN_Application</uuid>
                    </uuids>
                </item>
                <item>
                    <type>dataStore</type>
                    <uuids>
                        <uuid>_a-0000e02b-d480-8000-9ba2-011c48011c48_578617</uuid>
                    </uuids>
                </item>
                <item>
                    <type>user</type>
                    <uuids/>
                </item>
                <item>
                    <type>groupType</type>
                    <uuids/>
                </item>
                <item>
                    <type>group</type>
                    <uuids>
                        <uuid>_e-0000e33e-306f-8000-2e07-011e94011e94_21</uuid>
                        <uuid>_e-0000e33e-306f-8000-2e07-011e94011e94_23</uuid>
                    </uuids>
                </item>
                <item>
                    <type>content</type>
                    <uuids>
                        <uuid>_a-0000e02b-d480-8000-9ba2-011c48011c48_578623</uuid>
                        <uuid>_a-0000e02b-d480-8000-9ba2-011c48011c48_578628</uuid>
                        <uuid>_a-0000e02b-d480-8000-9ba2-011c48011c48_578849</uuid>
                        <uuid>_a-0000df7f-6bfc-8000-9ba2-011c48011c48_322821</uuid>
                        <uuid>_a-0000df7f-6bfc-8000-9ba2-011c48011c48_322824</uuid>
                        <uuid>_a-0000e02b-d480-8000-9ba2-011c48011c48_579399</uuid>
                        <uuid>_a-0000e02b-d480-8000-9ba2-011c48011c48_579709</uuid>
                        <uuid>_a-0000e02b-d480-8000-9ba2-011c48011c48_579967</uuid>
                        <uuid>_a-0000e0a7-66bf-8000-9ba2-011c48011c48_1430881</uuid>
                        <uuid>_a-0000e0a7-66bf-8000-9ba2-011c48011c48_1430935</uuid>
                        <uuid>_a-0000e0cb-9c1d-8000-29b4-01ef9001ef90_21818</uuid>
                        <uuid>_a-0000e0cb-9c1d-8000-29b4-01ef9001ef90_21858</uuid>
                        <uuid>_a-0000e0cb-9c1d-8000-29b4-01ef9001ef90_22698</uuid>
                        <uuid>_a-0000e0cb-9c1d-8000-29b4-01ef9001ef90_22790</uuid>
                        <uuid>_a-0000e0cb-9c1d-8000-29b4-01ef9001ef90_22840</uuid>
                        <uuid>_a-0000e0cc-32fb-8000-29b4-01ef9001ef90_23394</uuid>
                        <uuid>_a-0000e0cc-32fb-8000-29b4-01ef9001ef90_23406</uuid>
                        <uuid>_a-0000e0cc-32fb-8000-29b4-01ef9001ef90_23440</uuid>
                        <uuid>_a-0000e23d-4886-8000-9ba2-011c48011c48_2869558</uuid>
                        <uuid>_a-0000e364-9742-8000-9ba2-011c48011c48_4266371</uuid>
                        <uuid>_a-0000e364-9742-8000-9ba2-011c48011c48_4268639</uuid>
                        <uuid>_a-0000e5ce-aed2-8000-e0c5-abef90abef90_6784</uuid>
                        <uuid>_a-0000e5ce-aed2-8000-e0c5-abef90abef90_6790</uuid>
                        <uuid>_a-0000e5ce-aed2-8000-e0c5-abef90abef90_6796</uuid>
                        <uuid>_a-0000e5ce-aed2-8000-e0c5-abef90abef90_6832</uuid>
                        <uuid>_a-0000e5ce-aed2-8000-e0c5-abef90abef90_6838</uuid>
                        <uuid>_a-0000e5d0-23a7-8000-e0c6-abef90abef90_11476</uuid>
                        <uuid>_a-0000e5d0-23a7-8000-e0c6-abef90abef90_11482</uuid>
                    </uuids>
                </item>
                <item>
                    <type>forum</type>
                    <uuids/>
                </item>
                <item>
                    <type>processModelFolder</type>
                    <uuids>
                        <uuid>_g-0000e02b-d47f-8000-f92f-7f0000014e7a_525</uuid>
                    </uuids>
                </item>
                <item>
                    <type>processModel</type>
                    <uuids>
                        <uuid>0002e02c-9294-8000-f92f-7f0000014e7a</uuid>
                        <uuid>0002e0cc-41f9-8000-2981-014d98014d98</uuid>
                        <uuid>0002e348-ee96-8000-2e07-014d98014d98</uuid>
                        <uuid>0007e36a-edfc-8000-f92f-7f0000014e7a</uuid>
                        <uuid>0007e456-c65e-8000-f92f-7f0000014e7a</uuid>
                        <uuid>0002e5d0-062e-8000-e123-ab4d98ab4d98</uuid>
                        <uuid>0002e5d0-0a1d-8000-e13c-ab4d98ab4d98</uuid>
                    </uuids>
                </item>
                <item>
                    <type>portlet</type>
                    <uuids/>
                </item>
                <item>
                    <type>page</type>
                    <uuids/>
                </item>
                <item>
                    <type>application</type>
                    <uuids/>
                </item>
                <item>
                    <type>tempoFeed</type>
                    <uuids/>
                </item>
                <item>
                    <type>recordType</type>
                    <uuids/>
                </item>
                <item>
                    <type>recordField</type>
                    <uuids/>
                </item>
                <item>
                    <type>recordRelationship</type>
                    <uuids/>
                </item>
                <item>
                    <type>tempoReport</type>
                    <uuids>
                        <uuid>e0d7ad37-7ff5-400a-ad84-156c1b807d7c</uuid>
                    </uuids>
                </item>
                <item>
                    <type>taskReport</type>
                    <uuids/>
                </item>
                <item>
                    <type>webApi</type>
                    <uuids/>
                </item>
                <item>
                    <type>site</type>
                    <uuids>
                        <uuid>a2be2471-252d-4910-b6e8-de88cb733c3f</uuid>
                    </uuids>
                </item>
                <item>
                    <type>adminSetting</type>
                    <uuids/>
                </item>
                <item>
                    <type>thirdPartyCredentials</type>
                    <uuids/>
                </item>
                <item>
                    <type>dataSource</type>
                    <uuids/>
                </item>
                <item>
                    <type>embeddedSailTheme</type>
                    <uuids/>
                </item>
                <item>
                    <type>connectedSystem</type>
                    <uuids/>
                </item>
                <item>
                    <type>pluginInfo</type>
                    <uuids/>
                </item>
                <item>
                    <type>featureFlag</type>
                    <uuids/>
                </item>
            </globalIdMap>
        </associatedObjects>
        <applicationNavigation/>
        <applicationActions/>
        <associatedApplications>
            <globalIdMap>
                <item>
                    <type>datatype</type>
                    <uuids/>
                </item>
                <item>
                    <type>dataStore</type>
                    <uuids/>
                </item>
                <item>
                    <type>user</type>
                    <uuids/>
                </item>
                <item>
                    <type>groupType</type>
                    <uuids/>
                </item>
                <item>
                    <type>group</type>
                    <uuids/>
                </item>
                <item>
                    <type>content</type>
                    <uuids/>
                </item>
                <item>
                    <type>forum</type>
                    <uuids/>
                </item>
                <item>
                    <type>processModelFolder</type>
                    <uuids/>
                </item>
                <item>
                    <type>processModel</type>
                    <uuids/>
                </item>
                <item>
                    <type>portlet</type>
                    <uuids/>
                </item>
                <item>
                    <type>page</type>
                    <uuids/>
                </item>
                <item>
                    <type>application</type>
                    <uuids/>
                </item>
                <item>
                    <type>tempoFeed</type>
                    <uuids/>
                </item>
                <item>
                    <type>recordType</type>
                    <uuids/>
                </item>
                <item>
                    <type>recordField</type>
                    <uuids/>
                </item>
                <item>
                    <type>recordRelationship</type>
                    <uuids/>
                </item>
                <item>
                    <type>tempoReport</type>
                    <uuids/>
                </item>
                <item>
                    <type>taskReport</type>
                    <uuids/>
                </item>
                <item>
                    <type>webApi</type>
                    <uuids/>
                </item>
                <item>
                    <type>site</type>
                    <uuids/>
                </item>
                <item>
                    <type>adminSetting</type>
                    <uuids/>
                </item>
                <item>
                    <type>thirdPartyCredentials</type>
                    <uuids/>
                </item>
                <item>
                    <type>dataSource</type>
                    <uuids/>
                </item>
                <item>
                    <type>embeddedSailTheme</type>
                    <uuids/>
                </item>
                <item>
                    <type>connectedSystem</type>
                    <uuids/>
                </item>
                <item>
                    <type>pluginInfo</type>
                    <uuids/>
                </item>
                <item>
                    <type>featureFlag</type>
                    <uuids/>
                </item>
            </globalIdMap>
        </associatedApplications>
    </application>
    <roleMap>
        <contentRoleMap public="true">
            <role inherit="false" allowForAll="false" name="readers">
                <users/>
                <groups>
                    <groupUuid>_e-0000e33e-306f-8000-2e07-011e94011e94_21</groupUuid>
                </groups>
            </role>
            <role inherit="false" allowForAll="false" name="authors">
                <users/>
                <groups/>
            </role>
            <role inherit="false" allowForAll="false" name="administrators">
                <users/>
                <groups>
                    <groupUuid>_e-0000e33e-306f-8000-2e07-011e94011e94_23</groupUuid>
                </groups>
            </role>
            <role inherit="false" allowForAll="false" name="denyReaders">
                <users/>
                <groups/>
            </role>
            <role inherit="false" allowForAll="false" name="denyAuthors">
                <users/>
                <groups/>
            </role>
            <role inherit="false" allowForAll="false" name="denyAdministrators">
                <users/>
                <groups/>
            </role>
        </contentRoleMap>
    </roleMap>
    <defaultApplicationObjects/>
    <applicationDocumentation/>
    <history>
        <historyInfo versionUuid="_a-0000e02c-d47c-8000-9ba2-011c48011c48_589039"/>
        <historyInfo versionUuid="_a-0000e0a7-66bf-8000-9ba2-011c48011c48_1430886"/>
        <historyInfo versionUuid="_a-0000e0a7-66bf-8000-9ba2-011c48011c48_1430907"/>
        <historyInfo versionUuid="_a-0000e0a7-66bf-8000-9ba2-011c48011c48_1430968"/>
        <historyInfo versionUuid="_a-0000e0cb-9c1d-8000-29b4-01ef9001ef90_22845"/>
        <historyInfo versionUuid="_a-0000e0cc-32fb-8000-29b4-01ef9001ef90_23445"/>
        <historyInfo versionUuid="_a-0000e0cc-32fb-8000-29b4-01ef9001ef90_23635"/>
        <historyInfo versionUuid="_a-0000e23d-4886-8000-9ba2-011c48011c48_2869563"/>
        <historyInfo versionUuid="_a-0000e33e-306f-8000-2e07-01ef9001ef90_22536"/>
        <historyInfo versionUuid="_a-0000e364-9742-8000-9ba2-011c48011c48_4268644"/>
        <historyInfo versionUuid="_a-0000e437-7b09-8000-9ba2-011c48011c48_7488547"/>
        <historyInfo versionUuid="_a-0000e4a6-132d-8000-106d-eaef90eaef90_6865"/>
        <historyInfo versionUuid="_a-0000e5ce-aed2-8000-e0c5-abef90abef90_6843"/>
        <historyInfo versionUuid="_a-0000e5ce-aed2-8000-e0c5-abef90abef90_8088"/>
        <historyInfo versionUuid="_a-0000e5d0-23a7-8000-e0c6-abef90abef90_11487"/>
        <historyInfo versionUuid="_a-0000e5d0-23a7-8000-e0c6-abef90abef90_11533"/>
        <historyInfo versionUuid="_a-0000e9fe-33fa-8000-550d-3aef903aef90_7649"/>
        <historyInfo versionUuid="_a-0000ea24-8ddb-8000-550e-3aef903aef90_7685"/>
    </history>
    <postDeploymentProcessData/>
</applicationHaul>
