<?xml version="1.0" encoding="UTF-8"?>
<siteHaul xmlns:a="http://www.appian.com/ae/types/2009" xmlns:xsi="http://www.w3.org/2001/XMLSchema-instance">
  <versionUuid>af53ab95-b5eb-4644-8b23-829d6bc4f275</versionUuid>
  <site a:uuid="a2be2471-252d-4910-b6e8-de88cb733c3f" name="Environment Cleanup">
    <description/>
    <urlStub>environment-cleanup</urlStub>
    <page>
      <staticName>Home</staticName>
      <description/>
      <urlStub>home</urlStub>
      <uiObject a:uuid="e0d7ad37-7ff5-400a-ad84-156c1b807d7c" xsi:type="a:TempoReport"/>
      <iconId>f2cd</iconId>
      <visibilityExpr>fn!true()</visibilityExpr>
      <pageWidth>FULL</pageWidth>
    </page>
    <visibility>268435456</visibility>
    <faviconRef a:uuid="SYSTEM_CONTENT_SITES_DEFAULT_FAVICON" xsi:type="a:CollaborationDocument"/>
    <logoRef a:uuid="SYSTEM_CONTENT_SITES_DEFAULT_LOGO" xsi:type="a:CollaborationDocument"/>
    <showName>false</showName>
    <tempoLinkVisibility>HIDDEN</tempoLinkVisibility>
    <showRecordNews>true</showRecordNews>
    <tasksInSitesVisibility>HIDDEN</tasksInSitesVisibility>
    <buttonShape>SQUARED</buttonShape>
    <navigationBarStyle>STYLE1</navigationBarStyle>
    <inputShape>SQUARED</inputShape>
    <isSystem>false</isSystem>
    <displayName>Environment Cleanup</displayName>
    <isStaticDisplayName>true</isStaticDisplayName>
  </site>
  <roleMap>
    <role name="site_administrator">
      <users/>
      <groups>
        <groupUuid>_e-0000e33e-306f-8000-2e07-011e94011e94_23</groupUuid>
      </groups>
    </role>
    <role name="site_viewer">
      <users/>
      <groups>
        <groupUuid>_e-0000e33e-306f-8000-2e07-011e94011e94_21</groupUuid>
      </groups>
    </role>
  </roleMap>
  <history>
    <historyInfo versionUuid="76f4f298-e744-4568-a071-d41aa5ec0227"/>
    <historyInfo versionUuid="af53ab95-b5eb-4644-8b23-829d6bc4f275"/>
  </history>
</siteHaul>
