<?xml version="1.0" encoding="UTF-8" standalone="yes"?>
<processModelFolderHaul xmlns:a="http://www.appian.com/ae/types/2009">
    <versionUuid>_g-0000e33e-306f-8000-2e07-014d98014d98_13</versionUuid>
    <processModelFolder>
        <name>CLN Process Models</name>
        <uuid>_g-0000e02b-d47f-8000-f92f-7f0000014e7a_525</uuid>
        <description></description>
    </processModelFolder>
    <roleMap>
        <role name="ADMIN_OWNER">
            <users/>
            <groups>
                <groupUuid>_e-0000e33e-306f-8000-2e07-011e94011e94_23</groupUuid>
            </groups>
        </role>
        <role name="EDITOR">
            <users/>
            <groups/>
        </role>
        <role name="EXPLICIT_NONMEMBER">
            <users/>
            <groups/>
        </role>
        <role name="VIEWER">
            <users/>
            <groups>
                <groupUuid>_e-0000e33e-306f-8000-2e07-011e94011e94_21</groupUuid>
            </groups>
        </role>
        <role name="MANAGER">
            <users/>
            <groups/>
        </role>
        <role name="INITIATOR">
            <users/>
            <groups/>
        </role>
    </roleMap>
    <history>
        <historyInfo versionUuid="_g-0000e02b-d47f-8000-f92f-7f0000014e7a_527"/>
        <historyInfo versionUuid="_g-0000e33e-306f-8000-2e07-014d98014d98_13"/>
    </history>
</processModelFolderHaul>
