<?xml version="1.0" encoding="UTF-8" standalone="yes"?>
<tempoReportHaul xmlns:a="http://www.appian.com/ae/types/2009">
    <versionUuid>c6a4a14b-c64f-4db3-bc36-23818808eb74</versionUuid>
    <tempoReport a:uuid="e0d7ad37-7ff5-400a-ad84-156c1b807d7c" name="CLN Home">
        <a:description></a:description>
        <a:uiExpr>=#"_a-0000e02b-d480-8000-9ba2-011c48011c48_578628"()</a:uiExpr>
        <a:urlStub>EVSckA</a:urlStub>
    </tempoReport>
    <roleMap>
        <role name="report_administrator">
            <users/>
            <groups>
                <groupUuid>_e-0000e33e-306f-8000-2e07-011e94011e94_23</groupUuid>
            </groups>
        </role>
        <role name="report_viewer">
            <users/>
            <groups>
                <groupUuid>_e-0000e33e-306f-8000-2e07-011e94011e94_21</groupUuid>
            </groups>
        </role>
    </roleMap>
    <history>
        <historyInfo versionUuid="c6a4a14b-c64f-4db3-bc36-23818808eb74"/>
    </history>
</tempoReportHaul>
