<?xml version="1.0" encoding="UTF-8" standalone="yes"?>
<contentHaul xmlns:a="http://www.appian.com/ae/types/2009">
    <versionUuid>_a-0000e33e-306f-8000-2e07-01ef9001ef90_22515</versionUuid>
    <rule>
        <name>CLN_GetProcessesTotalCountToCancel</name>
        <uuid>_a-0000e0cb-9c1d-8000-29b4-01ef9001ef90_22840</uuid>
        <description></description>
        <parentUuid>_a-0000e02b-d480-8000-9ba2-011c48011c48_578623</parentUuid>
        <visibility>
            <advertise>false</advertise>
            <hierarchy>true</hierarchy>
            <indexable>true</indexable>
            <quota>false</quota>
            <searchable>true</searchable>
            <system>false</system>
            <unlogged>false</unlogged>
        </visibility>
        <definition>with(
  local!selectedApplications: index(
    ri!CLN_Applications,
    wherecontains(ri!selectedApplicationIds, tointeger(index(ri!CLN_Applications, "id", {}))),
    {}
  ),
  
  if(
    #"_a-0000e0a7-66bf-8000-9ba2-011c48011c48_1430935"(local!selectedApplications),
    0,
    #"_a-0000e0cb-9c1d-8000-29b4-01ef9001ef90_22790"(
      CLN_Applications: local!selectedApplications,
      batchSize: 0
    ).totalCount
  )
)</definition>
        <namedTypedValue>
            <name>CLN_Applications</name>
            <type>
                <name>CLN_Application?list</name>
                <namespace>urn:com:appian:types</namespace>
            </type>
        </namedTypedValue>
        <namedTypedValue>
            <name>selectedApplicationIds</name>
            <type>
                <name>Integer?list</name>
                <namespace>http://www.appian.com/ae/types/2009</namespace>
            </type>
        </namedTypedValue>
        <preferredEditor>legacy</preferredEditor>
        <offlineEnabled>false</offlineEnabled>
    </rule>
    <roleMap public="true">
        <role inherit="true" allowForAll="false" name="readers">
            <users/>
            <groups/>
        </role>
        <role inherit="true" allowForAll="false" name="authors">
            <users/>
            <groups/>
        </role>
        <role inherit="true" allowForAll="false" name="administrators">
            <users/>
            <groups/>
        </role>
        <role inherit="false" allowForAll="false" name="denyReaders">
            <users/>
            <groups/>
        </role>
        <role inherit="false" allowForAll="false" name="denyAuthors">
            <users/>
            <groups/>
        </role>
        <role inherit="false" allowForAll="false" name="denyAdministrators">
            <users/>
            <groups/>
        </role>
    </roleMap>
    <history>
        <historyInfo versionUuid="_a-0000e0cb-9c1d-8000-29b4-01ef9001ef90_22926"/>
        <historyInfo versionUuid="_a-0000e0cb-9c1d-8000-29b4-01ef9001ef90_22945"/>
        <historyInfo versionUuid="_a-0000e0cd-fd96-8000-29b4-01ef9001ef90_23788"/>
        <historyInfo versionUuid="_a-0000e33e-306f-8000-2e07-01ef9001ef90_22515"/>
    </history>
</contentHaul>
