<?xml version="1.0" encoding="UTF-8" standalone="yes"?>
<contentHaul xmlns:a="http://www.appian.com/ae/types/2009">
    <versionUuid>_a-0000ea1f-1d37-8000-550d-3aef903aef90_7449</versionUuid>
    <constant>
        <name>CLN_DATA_SOURCE_NAME</name>
        <uuid>_a-0000e0a7-66bf-8000-9ba2-011c48011c48_1430881</uuid>
        <description>java:/jdbc/AppianAnywhere</description>
        <parentUuid>_a-0000e02b-d480-8000-9ba2-011c48011c48_578623</parentUuid>
        <visibility>
            <advertise>false</advertise>
            <hierarchy>true</hierarchy>
            <indexable>true</indexable>
            <quota>false</quota>
            <searchable>true</searchable>
            <system>false</system>
            <unlogged>false</unlogged>
        </visibility>
        <typedValue>
            <type>
                <name>string</name>
                <namespace>http://www.w3.org/2001/XMLSchema</namespace>
            </type>
        </typedValue>
        <isEnvironmentSpecific>true</isEnvironmentSpecific>
    </constant>
    <roleMap public="true">
        <role inherit="true" allowForAll="false" name="readers">
            <users/>
            <groups/>
        </role>
        <role inherit="true" allowForAll="false" name="authors">
            <users/>
            <groups/>
        </role>
        <role inherit="true" allowForAll="false" name="administrators">
            <users/>
            <groups/>
        </role>
        <role inherit="false" allowForAll="false" name="denyReaders">
            <users/>
            <groups/>
        </role>
        <role inherit="false" allowForAll="false" name="denyAuthors">
            <users/>
            <groups/>
        </role>
        <role inherit="false" allowForAll="false" name="denyAdministrators">
            <users/>
            <groups/>
        </role>
    </roleMap>
    <history>
        <historyInfo versionUuid="_a-0000e0a7-66bf-8000-9ba2-011c48011c48_1430885"/>
        <historyInfo versionUuid="_a-0000e33e-306f-8000-2e07-01ef9001ef90_22503"/>
        <historyInfo versionUuid="_a-0000e5f3-69f4-8000-e0ca-abef90abef90_11703"/>
        <historyInfo versionUuid="_a-0000e9fe-33fa-8000-550d-3aef903aef90_7431"/>
        <historyInfo versionUuid="_a-0000ea1f-1d37-8000-550d-3aef903aef90_7449"/>
    </history>
</contentHaul>
