<?xml version="1.0" encoding="UTF-8" standalone="yes"?>
<contentHaul xmlns:a="http://www.appian.com/ae/types/2009">
    <versionUuid>_a-0000e5fa-10a7-8000-e0ca-abef90abef90_11747</versionUuid>
    <rule>
        <name>CLN_Instructions</name>
        <uuid>_a-0000e5ce-aed2-8000-e0c5-abef90abef90_6838</uuid>
        <description></description>
        <parentUuid>_a-0000e02b-d480-8000-9ba2-011c48011c48_578623</parentUuid>
        <visibility>
            <advertise>false</advertise>
            <hierarchy>true</hierarchy>
            <indexable>true</indexable>
            <quota>false</quota>
            <searchable>true</searchable>
            <system>false</system>
            <unlogged>false</unlogged>
        </visibility>
        <definition>#"SYSTEM_SYSRULES_boxLayout"(
  label: "Instructions",
  contents: {
    #"SYSTEM_SYSRULES_richTextDisplayField"(
      value: #"SYSTEM_SYSRULES_richTextNumberedList"(
        items: {
          #"SYSTEM_SYSRULES_richTextListItem"(
            text: {
              "Set up your application cleanup fields to cancel running process instances, wipe data tables, and delete folders and documents."
            }
          ),
          #"SYSTEM_SYSRULES_richTextListItem"(
            text: {
              "Set the scheduling fields for your application's cleanup if you'd like them to be automated every couple of days."
            }
          ),
          #"SYSTEM_SYSRULES_richTextListItem"(
            text: {
              "Select applications using the grid checkboxes and click ""Clean selected applications now"" to clean these ones now."
            }
          ),
          #"SYSTEM_SYSRULES_richTextListItem"(
            text: {
              "Click ""Done"" to wait for the automated scheduling to take effect."
            }
          )
        }
      )
    ),
    #"SYSTEM_SYSRULES_sectionLayout_v1"(
      label: "Configurable Cleanup Fields",
      contents: {
        #"SYSTEM_SYSRULES_columnsLayout"(
          columns: {
            #"SYSTEM_SYSRULES_columnLayout"(
              contents: {
                #"SYSTEM_SYSRULES_richTextDisplayField"(
                  label: "Application",
                  labelPosition: "JUSTIFIED",
                  value: {
                    "Display name for application, no functional use. ",
                    #"SYSTEM_SYSRULES_richTextItem"(
                      text: "(REQUIRED)",
                      style: "NEGATIVE"
                    )
                  }
                ),
                #"SYSTEM_SYSRULES_richTextDisplayField"(
                  label: "Process Model Acronym",
                  labelPosition: "JUSTIFIED",
                  value: {
                    "Acronym that application process models ",
                    #"SYSTEM_SYSRULES_richTextItem"(
                      text: "all application process models must begin with.",
                      style: "STRONG"
                    ),
                    " All process models that match this pattern will be cancelled. (*) will cancell ",
                    #"SYSTEM_SYSRULES_richTextItem"(
                      text: "all processes ",
                      style: "EMPHASIS"
                    ),
                    "across all applications. ",
                    #"SYSTEM_SYSRULES_richTextItem"(
                      text: "(REQUIRED)",
                      style: "NEGATIVE"
                    )
                  }
                ),
                #"SYSTEM_SYSRULES_richTextDisplayField"(
                  label: "Process Duration",
                  labelPosition: "JUSTIFIED",
                  value: {
                    "Filter to apply against the duration of the processes. Only processes started more than ",
                    #"SYSTEM_SYSRULES_richTextItem"(
                      text: "this many days ago",
                      style: "EMPHASIS"
                    ),
                    " will be cancelled. If left blank, all processes for this acronym will be cancelled. ",
                    #"SYSTEM_SYSRULES_richTextItem"(
                      text: "(OPTIONAL)",
                      style: "SECONDARY"
                    )
                  }
                ),
                #"SYSTEM_SYSRULES_richTextDisplayField"(
                  label: "Process Model Versions",
                  labelPosition: "JUSTIFIED",
                  value: {
                    "Filter to delete process model versions. Only ",
                    #"SYSTEM_SYSRULES_richTextItem"(
                      text: "this many",
                      style: "EMPHASIS"
                    ),
                    " process model versions will be kept, all others will be deleted, unless filtered out by the number of days below. Will not delete process model versions if left blank. Must be " &amp; char(8805) &amp; " 2. " ,
                    #"SYSTEM_SYSRULES_richTextItem"(
                      text: "(OPTIONAL)",
                      style: "SECONDARY"
                    )
                  }
                ),
                #"SYSTEM_SYSRULES_richTextDisplayField"(
                  label: "Process Model Days",
                  labelPosition: "JUSTIFIED",
                  value: {
                    "Filter to delete process model versions. All models published in the last ",
                    #"SYSTEM_SYSRULES_richTextItem"(
                      text: "this many days",
                      style: "EMPHASIS"
                    ),
                    " will be kept, regardless of how many versions. Process model age will be ignored if left blank. Must be " &amp; char(8805) &amp; " 14. ",
                    #"SYSTEM_SYSRULES_richTextItem"(
                      text: "(OPTIONAL)",
                      style: "SECONDARY"
                    )
                  }
                )
              }
            ),
            #"SYSTEM_SYSRULES_columnLayout"(
              contents: {
                #"SYSTEM_SYSRULES_richTextDisplayField"(
                  label: "Document Folders",
                  labelPosition: "JUSTIFIED",
                  value: {
                    "Folder(s) whose child documents will be recursively deleted as part of the application cleanup. ",
                    #"SYSTEM_SYSRULES_richTextItem"(
                      text: "Do not",
                      style: "STRONG"
                    ),
                    " select folders with child documents needed for application, e.g. templates or process reports. ",
                    #"SYSTEM_SYSRULES_richTextItem"(
                      text: "(OPTIONAL)",
                      style: "SECONDARY"
                    )
                  }
                ),
                #"SYSTEM_SYSRULES_richTextDisplayField"(
                  label: "Document Days",
                  labelPosition: "JUSTIFIED",
                  value: {
                    "Documents older than X days will be deleted from the parent folders. Will default to ",
                    #"SYSTEM_SYSRULES_richTextItem"(
                      text: "all docs",
                      style: "STRONG"
                    ),
                    " if left blank. ",
                    #"SYSTEM_SYSRULES_richTextItem"(
                      text: "(OPTIONAL)",
                      style: "SECONDARY"
                    )
                  }
                ),
                #"SYSTEM_SYSRULES_richTextDisplayField"(
                  label: "Rule Folders",
                  labelPosition: "JUSTIFIED",
                  value: {
                    "Rule folders whose child documents will have their old versions cleaned up. ",
                    #"SYSTEM_SYSRULES_richTextItem"(
                      text: "(OPTIONAL)",
                      style: "SECONDARY"
                    )
                  }
                ),
                #"SYSTEM_SYSRULES_richTextDisplayField"(
                  label: "Rule Versions",
                  labelPosition: "JUSTIFIED",
                  value: {
                    "Filter to delete rule versions. Only ",
                    #"SYSTEM_SYSRULES_richTextItem"(
                      text: "this many",
                      style: "EMPHASIS"
                    ),
                    " versions will be kept, all others will be deleted, unless filtered out by the number of days below. Will not delete rule versions if left blank. Must be " &amp; char(8805) &amp; " 2. ",
                    #"SYSTEM_SYSRULES_richTextItem"(
                      text: "(OPTIONAL)",
                      style: "SECONDARY"
                    )
                  }
                ),
                #"SYSTEM_SYSRULES_richTextDisplayField"(
                  label: "Rule Days",
                  labelPosition: "JUSTIFIED",
                  value: {
                    "Filter to delete rule versions. All rules saved in the last ",
                    #"SYSTEM_SYSRULES_richTextItem"(
                      text: "this many days",
                      style: "EMPHASIS"
                    ),
                    " will be kept, regardless of how many versions. Rule age will be ignored if left blank. Must be " &amp; char(8805) &amp; " 14. ",
                    #"SYSTEM_SYSRULES_richTextItem"(
                      text: "(OPTIONAL)",
                      style: "SECONDARY"
                    )
                  }
                ),
                #"SYSTEM_SYSRULES_richTextDisplayField"(
                  label: "Stored Procedures",
                  labelPosition: "JUSTIFIED",
                  value: {
                    "Comma separated list of stored procedures to run to truncate the application data. ",
                    #"SYSTEM_SYSRULES_richTextItem"(
                      text: "Do not",
                      style: "STRONG"
                    ),
                    " truncate reference data needed for application. ",
                    #"SYSTEM_SYSRULES_richTextItem"(
                      text: "(OPTIONAL)",
                      style: "SECONDARY"
                    )
                  }
                )
              }
            )
          }
        )
      }
    ),
    #"SYSTEM_SYSRULES_sectionLayout_v1"(
      label: "Configurable Scheduling Fields",
      contents: {
        #"SYSTEM_SYSRULES_richTextDisplayField"(
          value: #"SYSTEM_SYSRULES_richTextItem"(
            text: "Both scheduling fields are required for automated cleanup to work, however both can also be left blank to avoid automated cleanup.",
            style: "EMPHASIS"
          )
        ),
        #"SYSTEM_SYSRULES_columnsLayout"(
          columns: {
            #"SYSTEM_SYSRULES_columnLayout"(
              contents: {
                #"SYSTEM_SYSRULES_richTextDisplayField"(
                  label: "Next Cleanup Date",
                  labelPosition: "JUSTIFIED",
                  value: {
                    "Date upon which the next automated cleanup will occur, ",
                    #"SYSTEM_SYSRULES_richTextItem"(
                      text: "at the time configured",
                      style: "EMPHASIS"
                    ),
                    " in the CLN Run Scheduled Applications process model start node."
                  }
                )
              }
            ),
            #"SYSTEM_SYSRULES_columnLayout"(
              contents: {
                #"SYSTEM_SYSRULES_richTextDisplayField"(
                  label: "Cleanup Increment",
                  labelPosition: "JUSTIFIED",
                  value: {
                    "The automated cleanup of this application will occur every X number of days, specified by this value, starting with the Next Cleanup Date."
                  }
                )
              }
            )
          }
        )
      }
    )
  },
  style: "ACCENT",
  isCollapsible: true,
  isInitiallyCollapsed: false,
  marginBelow: "STANDARD"
)</definition>
        <preferredEditor>interface</preferredEditor>
        <offlineEnabled>false</offlineEnabled>
    </rule>
    <roleMap public="true">
        <role inherit="true" allowForAll="false" name="readers">
            <users/>
            <groups/>
        </role>
        <role inherit="true" allowForAll="false" name="authors">
            <users/>
            <groups/>
        </role>
        <role inherit="true" allowForAll="false" name="administrators">
            <users/>
            <groups/>
        </role>
        <role inherit="false" allowForAll="false" name="denyReaders">
            <users/>
            <groups/>
        </role>
        <role inherit="false" allowForAll="false" name="denyAuthors">
            <users/>
            <groups/>
        </role>
        <role inherit="false" allowForAll="false" name="denyAdministrators">
            <users/>
            <groups/>
        </role>
    </roleMap>
    <history>
        <historyInfo versionUuid="_a-0000e5ce-aed2-8000-e0c5-abef90abef90_6932"/>
        <historyInfo versionUuid="_a-0000e5d0-23a7-8000-e0c6-abef90abef90_11073"/>
        <historyInfo versionUuid="_a-0000e5f3-69f4-8000-e0ca-abef90abef90_11797"/>
        <historyInfo versionUuid="_a-0000e5fa-10a7-8000-e0ca-abef90abef90_11747"/>
    </history>
</contentHaul>
