<?xml version="1.0" encoding="UTF-8" standalone="yes"?>
<contentHaul xmlns:a="http://www.appian.com/ae/types/2009">
    <versionUuid>_a-0000e5d0-23a7-8000-e0c6-abef90abef90_11493</versionUuid>
    <rule>
        <name>CLN_Footer</name>
        <uuid>_a-0000e5d0-23a7-8000-e0c6-abef90abef90_11482</uuid>
        <description></description>
        <parentUuid>_a-0000e02b-d480-8000-9ba2-011c48011c48_578623</parentUuid>
        <visibility>
            <advertise>false</advertise>
            <hierarchy>true</hierarchy>
            <indexable>true</indexable>
            <quota>false</quota>
            <searchable>true</searchable>
            <system>false</system>
            <unlogged>false</unlogged>
        </visibility>
        <definition>{
  #"SYSTEM_SYSRULES_sectionLayout_v1"(
    marginBelow: "STANDARD"
  ),
  #"SYSTEM_SYSRULES_sectionLayout_v1"(
    divider: "ABOVE",
    marginBelow: "STANDARD"
  ),
  #"SYSTEM_SYSRULES_sideBySideLayout"(
    items: {
      #"SYSTEM_SYSRULES_sideBySideItem"(
        width: "MINIMIZE",
        item: #"SYSTEM_SYSRULES_richTextDisplayField"(
          align: "LEFT",
          labelPosition: "COLLAPSED",
          value: {
            #"SYSTEM_SYSRULES_richTextItem_v1"(
              text: "AppMarket - Environment Cleanup App",
              link: #"SYSTEM_SYSRULES_safeLink"(
                uri: "https://community.appian.com/b/appmarket/posts/environment-cleanup-app"
              ),
              linkStyle: "STANDALONE",
              color: "SECONDARY"
            ),
            char(10)
          }
        ),
      ),
      #"SYSTEM_SYSRULES_sideBySideItem"(
        item: #"SYSTEM_SYSRULES_richTextDisplayField"(
          align: "CENTER",
          labelPosition: "COLLAPSED",
          value: #"SYSTEM_SYSRULES_richTextItem_v1"(
            color: "SECONDARY",
            text: "Version " &amp; #"_a-0000e5d0-23a7-8000-e0c6-abef90abef90_11476"
          )
        )
      )
    }
  )
}</definition>
        <preferredEditor>interface</preferredEditor>
        <offlineEnabled>false</offlineEnabled>
    </rule>
    <roleMap public="true">
        <role inherit="true" allowForAll="false" name="readers">
            <users/>
            <groups/>
        </role>
        <role inherit="true" allowForAll="false" name="authors">
            <users/>
            <groups/>
        </role>
        <role inherit="true" allowForAll="false" name="administrators">
            <users/>
            <groups/>
        </role>
        <role inherit="false" allowForAll="false" name="denyReaders">
            <users/>
            <groups/>
        </role>
        <role inherit="false" allowForAll="false" name="denyAuthors">
            <users/>
            <groups/>
        </role>
        <role inherit="false" allowForAll="false" name="denyAdministrators">
            <users/>
            <groups/>
        </role>
    </roleMap>
    <history>
        <historyInfo versionUuid="_a-0000e5d0-23a7-8000-e0c6-abef90abef90_11493"/>
    </history>
</contentHaul>
