<?xml version="1.0" encoding="UTF-8" standalone="yes"?>
<contentHaul xmlns:a="http://www.appian.com/ae/types/2009">
    <versionUuid>_a-0000e5d0-23a7-8000-e0c6-abef90abef90_11532</versionUuid>
    <report>
        <name>CLN Process Model Versions</name>
        <uuid>_a-0000e5ce-aed2-8000-e0c5-abef90abef90_6784</uuid>
        <description>A list of all process models.</description>
        <parentUuid>_a-0000df7f-6bfc-8000-9ba2-011c48011c48_322824</parentUuid>
        <visibility>
            <advertise>false</advertise>
            <hierarchy>true</hierarchy>
            <indexable>true</indexable>
            <quota>false</quota>
            <searchable>true</searchable>
            <system>false</system>
            <unlogged>false</unlogged>
        </visibility>
        <reportData>
            <metadata>
                <baseFilters>
                    <completedFilter>
                        <apply>false</apply>
                    </completedFilter>
                    <outsideNStandardDeviationsFilter>
                        <apply>false</apply>
                        <standardDeviationCount>0.0</standardDeviationCount>
                    </outsideNStandardDeviationsFilter>
                    <lastNCompletedFilter>
                        <apply>false</apply>
                        <completedCount>0</completedCount>
                    </lastNCompletedFilter>
                    <aheadOfScheduleFilter>
                        <apply>false</apply>
                    </aheadOfScheduleFilter>
                    <runningFilter>
                        <apply>false</apply>
                    </runningFilter>
                    <behindScheduleFilter>
                        <apply>false</apply>
                    </behindScheduleFilter>
                    <lastNDaysFilter>
                        <apply>false</apply>
                        <dayCount>0.0</dayCount>
                    </lastNDaysFilter>
                    <dueTodayFilter>
                        <apply>false</apply>
                    </dueTodayFilter>
                </baseFilters>
                <batchSize>25</batchSize>
                <columns>
                    <column>
                        <drillPath>
                            <enabled>true</enabled>
                            <expression>=pm!id</expression>
                            <linkType>6</linkType>
                        </drillPath>
                        <expression>=pm!name</expression>
                        <formatToken>string</formatToken>
                        <group>false</group>
                        <lastFormatToken>string</lastFormatToken>
                        <localId>0</localId>
                        <name>Name</name>
                        <show>true</show>
                    </column>
                    <column>
                        <drillPath>
                            <enabled>false</enabled>
                        </drillPath>
                        <expression>=pm!description</expression>
                        <formatToken>string</formatToken>
                        <group>false</group>
                        <lastFormatToken>string</lastFormatToken>
                        <localId>1</localId>
                        <name>Description</name>
                        <show>true</show>
                    </column>
                    <column>
                        <drillPath>
                            <enabled>false</enabled>
                        </drillPath>
                        <expression>=pm!creator</expression>
                        <formatToken>users</formatToken>
                        <group>false</group>
                        <lastFormatToken>users</lastFormatToken>
                        <localId>2</localId>
                        <name>Creator</name>
                        <show>true</show>
                    </column>
                    <column>
                        <drillPath>
                            <enabled>false</enabled>
                        </drillPath>
                        <expression>=pm!createtime</expression>
                        <formatToken>datetime</formatToken>
                        <group>false</group>
                        <lastFormatToken>datetime</lastFormatToken>
                        <localId>3</localId>
                        <name>Created</name>
                        <show>true</show>
                    </column>
                    <column>
                        <drillPath>
                            <enabled>false</enabled>
                        </drillPath>
                        <expression>=pm!id</expression>
                        <formatToken>number</formatToken>
                        <group>false</group>
                        <lastFormatToken>number</lastFormatToken>
                        <localId>4</localId>
                        <name>Process Model ID</name>
                        <show>true</show>
                    </column>
                </columns>
                <contextType>0</contextType>
                <quickFilters>
                    <quickFilter>
                        <defaultItem>0</defaultItem>
                        <quickFilterItems>
                            <quickFilterItem>
<filters>
    <completedFilter>
        <apply>false</apply>
    </completedFilter>
    <outsideNStandardDeviationsFilter>
        <apply>false</apply>
        <standardDeviationCount>0.0</standardDeviationCount>
    </outsideNStandardDeviationsFilter>
    <lastNCompletedFilter>
        <apply>false</apply>
        <completedCount>0</completedCount>
    </lastNCompletedFilter>
    <aheadOfScheduleFilter>
        <apply>false</apply>
    </aheadOfScheduleFilter>
    <runningFilter>
        <apply>false</apply>
    </runningFilter>
    <behindScheduleFilter>
        <apply>false</apply>
    </behindScheduleFilter>
    <lastNDaysFilter>
        <apply>false</apply>
        <dayCount>0.0</dayCount>
    </lastNDaysFilter>
    <dueTodayFilter>
        <apply>false</apply>
    </dueTodayFilter>
</filters>
<name>Any Time</name>
                            </quickFilterItem>
                            <quickFilterItem>
<filters>
    <completedFilter>
        <apply>false</apply>
    </completedFilter>
    <outsideNStandardDeviationsFilter>
        <apply>false</apply>
        <standardDeviationCount>0.0</standardDeviationCount>
    </outsideNStandardDeviationsFilter>
    <lastNCompletedFilter>
        <apply>false</apply>
        <completedCount>0</completedCount>
    </lastNCompletedFilter>
    <aheadOfScheduleFilter>
        <apply>false</apply>
    </aheadOfScheduleFilter>
    <runningFilter>
        <apply>false</apply>
    </runningFilter>
    <behindScheduleFilter>
        <apply>false</apply>
    </behindScheduleFilter>
    <lastNDaysFilter>
        <apply>true</apply>
        <dayCount>1.0</dayCount>
    </lastNDaysFilter>
    <dueTodayFilter>
        <apply>false</apply>
    </dueTodayFilter>
</filters>
<name>Last 24 Hours</name>
                            </quickFilterItem>
                            <quickFilterItem>
<filters>
    <completedFilter>
        <apply>false</apply>
    </completedFilter>
    <outsideNStandardDeviationsFilter>
        <apply>false</apply>
        <standardDeviationCount>0.0</standardDeviationCount>
    </outsideNStandardDeviationsFilter>
    <lastNCompletedFilter>
        <apply>false</apply>
        <completedCount>0</completedCount>
    </lastNCompletedFilter>
    <aheadOfScheduleFilter>
        <apply>false</apply>
    </aheadOfScheduleFilter>
    <runningFilter>
        <apply>false</apply>
    </runningFilter>
    <behindScheduleFilter>
        <apply>false</apply>
    </behindScheduleFilter>
    <lastNDaysFilter>
        <apply>true</apply>
        <dayCount>7.0</dayCount>
    </lastNDaysFilter>
    <dueTodayFilter>
        <apply>false</apply>
    </dueTodayFilter>
</filters>
<name>Last 7 days</name>
                            </quickFilterItem>
                            <quickFilterItem>
<filters>
    <completedFilter>
        <apply>false</apply>
    </completedFilter>
    <outsideNStandardDeviationsFilter>
        <apply>false</apply>
        <standardDeviationCount>0.0</standardDeviationCount>
    </outsideNStandardDeviationsFilter>
    <lastNCompletedFilter>
        <apply>false</apply>
        <completedCount>0</completedCount>
    </lastNCompletedFilter>
    <aheadOfScheduleFilter>
        <apply>false</apply>
    </aheadOfScheduleFilter>
    <runningFilter>
        <apply>false</apply>
    </runningFilter>
    <behindScheduleFilter>
        <apply>false</apply>
    </behindScheduleFilter>
    <lastNDaysFilter>
        <apply>true</apply>
        <dayCount>30.0</dayCount>
    </lastNDaysFilter>
    <dueTodayFilter>
        <apply>false</apply>
    </dueTodayFilter>
</filters>
<name>Last 30 days</name>
                            </quickFilterItem>
                            <quickFilterItem>
<filters>
    <completedFilter>
        <apply>false</apply>
    </completedFilter>
    <outsideNStandardDeviationsFilter>
        <apply>false</apply>
        <standardDeviationCount>0.0</standardDeviationCount>
    </outsideNStandardDeviationsFilter>
    <lastNCompletedFilter>
        <apply>false</apply>
        <completedCount>0</completedCount>
    </lastNCompletedFilter>
    <aheadOfScheduleFilter>
        <apply>false</apply>
    </aheadOfScheduleFilter>
    <runningFilter>
        <apply>false</apply>
    </runningFilter>
    <behindScheduleFilter>
        <apply>false</apply>
    </behindScheduleFilter>
    <lastNDaysFilter>
        <apply>true</apply>
        <dayCount>365.25</dayCount>
    </lastNDaysFilter>
    <dueTodayFilter>
        <apply>false</apply>
    </dueTodayFilter>
</filters>
<name>Last 365 days</name>
                            </quickFilterItem>
                        </quickFilterItems>
                        <name>Started</name>
                        <selectedItem>0</selectedItem>
                    </quickFilter>
                </quickFilters>
                <recursive>false</recursive>
                <sortColumnLocalId>0</sortColumnLocalId>
                <sortOrder>0</sortOrder>
                <startIndex>0</startIndex>
                <type>0</type>
            </metadata>
            <display>
                <description>A list of all process models.</description>
                <displayThresholds>false</displayThresholds>
                <displayType>0</displayType>
                <name>CLN Process Model Versions</name>
                <quickFilterDisplay>1</quickFilterDisplay>
                <showLegend>true</showLegend>
                <showQuickFiltersInToolbar>true</showQuickFiltersInToolbar>
                <supportedTypes>
                    <supportedType>0</supportedType>
                    <supportedType>1</supportedType>
                    <supportedType>2</supportedType>
                    <supportedType>3</supportedType>
                </supportedTypes>
                <thresholdColumnLocalId>1</thresholdColumnLocalId>
                <thresholdColumnName>Usage</thresholdColumnName>
                <thresholds>
                    <threshold>
                        <iconUuid>SYSTEM_DOC_PERFORMANCE_INDICATOR_RED</iconUuid>
                        <defaultIconName>indicatorred</defaultIconName>
                        <label>Infrequently Used</label>
                        <upperBound>5.0</upperBound>
                    </threshold>
                    <threshold>
                        <iconUuid>SYSTEM_DOC_PERFORMANCE_INDICATOR_YELLOW</iconUuid>
                        <defaultIconName>indicatoryellow</defaultIconName>
                        <label>Frequently Used</label>
                        <upperBound>50.0</upperBound>
                    </threshold>
                    <threshold>
                        <iconUuid>SYSTEM_DOC_PERFORMANCE_INDICATOR_GREEN</iconUuid>
                        <defaultIconName>indicatorgreen</defaultIconName>
                        <label>Heavily Used</label>
                    </threshold>
                </thresholds>
                <useCustomToolbar>false</useCustomToolbar>
                <useDefaultBarGraphXML>true</useDefaultBarGraphXML>
                <useDefaultLineGraphXML>true</useDefaultLineGraphXML>
                <useDefaultPieGraphXML>true</useDefaultPieGraphXML>
            </display>
            <modified>false</modified>
            <showDisplayOptions>false</showDisplayOptions>
            <showTitle>false</showTitle>
            <showToolbar>false</showToolbar>
            <view>0</view>
            <writeAccess>false</writeAccess>
        </reportData>
    </report>
    <roleMap public="true">
        <role inherit="true" allowForAll="false" name="readers">
            <users/>
            <groups/>
        </role>
        <role inherit="true" allowForAll="false" name="authors">
            <users/>
            <groups/>
        </role>
        <role inherit="true" allowForAll="false" name="administrators">
            <users/>
            <groups/>
        </role>
        <role inherit="false" allowForAll="false" name="denyReaders">
            <users/>
            <groups/>
        </role>
        <role inherit="false" allowForAll="false" name="denyAuthors">
            <users/>
            <groups/>
        </role>
        <role inherit="false" allowForAll="false" name="denyAdministrators">
            <users/>
            <groups/>
        </role>
    </roleMap>
    <history>
        <historyInfo versionUuid="_a-0000e5ce-aed2-8000-e0c5-abef90abef90_6806"/>
        <historyInfo versionUuid="_a-0000e5d0-23a7-8000-e0c6-abef90abef90_11532"/>
    </history>
</contentHaul>
