<?xml version="1.0" encoding="UTF-8" standalone="yes"?>
<contentHaul xmlns:a="http://www.appian.com/ae/types/2009">
    <versionUuid>_a-0000e33e-306f-8000-2e07-01ef9001ef90_22512</versionUuid>
    <rule>
        <name>CLN_CalculateStoredProcedures</name>
        <uuid>_a-0000e02b-d480-8000-9ba2-011c48011c48_579967</uuid>
        <description></description>
        <parentUuid>_a-0000e02b-d480-8000-9ba2-011c48011c48_578623</parentUuid>
        <visibility>
            <advertise>false</advertise>
            <hierarchy>true</hierarchy>
            <indexable>true</indexable>
            <quota>false</quota>
            <searchable>true</searchable>
            <system>false</system>
            <unlogged>false</unlogged>
        </visibility>
        <definition>a!flatten(
  #"SYSTEM_SYSRULES_forEach"(
    items: ri!CLN_Applications,
    expression: with(
      local!app: fv!item,
      #"SYSTEM_SYSRULES_forEach"(
        items: split(local!app.storedProcedures, ","),
        expression: fv!item
      )
    )
  )
)</definition>
        <namedTypedValue>
            <name>CLN_Applications</name>
            <type>
                <name>CLN_Application?list</name>
                <namespace>urn:com:appian:types</namespace>
            </type>
        </namedTypedValue>
        <preferredEditor>legacy</preferredEditor>
        <offlineEnabled>false</offlineEnabled>
    </rule>
    <roleMap public="true">
        <role inherit="true" allowForAll="false" name="readers">
            <users/>
            <groups/>
        </role>
        <role inherit="true" allowForAll="false" name="authors">
            <users/>
            <groups/>
        </role>
        <role inherit="true" allowForAll="false" name="administrators">
            <users/>
            <groups/>
        </role>
        <role inherit="false" allowForAll="false" name="denyReaders">
            <users/>
            <groups/>
        </role>
        <role inherit="false" allowForAll="false" name="denyAuthors">
            <users/>
            <groups/>
        </role>
        <role inherit="false" allowForAll="false" name="denyAdministrators">
            <users/>
            <groups/>
        </role>
    </roleMap>
    <typedValue>
        <type>
            <name>RuleTestConfig?list</name>
            <namespace>http://www.appian.com/ae/types/2009</namespace>
        </type>
        <value>
            <el>
                <a:name>2 Applications</a:name>
                <a:ruleInputTestConfigs>
                    <a:value xmlns:xsi="http://www.w3.org/2001/XMLSchema-instance" xsi:type="a:Expression">{
  'type!{urn:com:appian:types}CLN_Application'(
    storedProcedures: "TLS_TruncateTables"
  ),
  'type!{urn:com:appian:types}CLN_Application'(
    storedProcedures: "DRSI_TruncateTables,DRSI_OtherOne"
  )
}</a:value>
                    <a:nameRef>CLN_Applications</a:nameRef>
                    <a:id>1</a:id>
                </a:ruleInputTestConfigs>
                <a:assertions>
                    <a:expectedOutput>
                        <a:type a:uuid="{http://www.appian.com/ae/types/2009}Variant"/>
                        <a:runtimeType a:uuid="{http://www.appian.com/ae/types/2009}Variant"/>
                        <a:value xmlns:xsi="http://www.w3.org/2001/XMLSchema-instance" xsi:type="a:Expression">{"TLS_TruncateTables","DRSI_TruncateTables","DRSI_OtherOne"}</a:value>
                    </a:expectedOutput>
                </a:assertions>
            </el>
        </value>
    </typedValue>
    <history>
        <historyInfo versionUuid="_a-0000e02b-d480-8000-9ba2-011c48011c48_580010"/>
        <historyInfo versionUuid="_a-0000e33e-306f-8000-2e07-01ef9001ef90_22512"/>
    </history>
</contentHaul>
