<?xml version="1.0" encoding="UTF-8" standalone="yes"?>
<contentHaul xmlns:a="http://www.appian.com/ae/types/2009">
    <versionUuid>_a-0000e33e-306f-8000-2e07-01ef9001ef90_22509</versionUuid>
    <rule>
        <name>CLN_CheckIfApplicationShouldBeCleanedToday</name>
        <uuid>_a-0000e0cc-32fb-8000-29b4-01ef9001ef90_23394</uuid>
        <description></description>
        <parentUuid>_a-0000e02b-d480-8000-9ba2-011c48011c48_578623</parentUuid>
        <visibility>
            <advertise>false</advertise>
            <hierarchy>true</hierarchy>
            <indexable>true</indexable>
            <quota>false</quota>
            <searchable>true</searchable>
            <system>false</system>
            <unlogged>false</unlogged>
        </visibility>
        <definition>if(
  or(
    isnull(ri!CLN_Application.nextRunDate),
    isnull(ri!CLN_Application.runIncrement)
  ),
  false,
  
  with(
    local!dateDifference: today() - ri!CLN_Application.nextRunDate,
    
    if(
      and(
        /*Today is before or on the next run date*/
        today() &gt;= ri!CLN_Application.nextRunDate,
        
        /*And the next run date is on the right increment with today*/
        mod(local!dateDifference, ri!CLN_Application.runIncrement) = 0
      ),
      true,
      false
    )
  )
)</definition>
        <namedTypedValue>
            <name>CLN_Application</name>
            <type>
                <name>CLN_Application</name>
                <namespace>urn:com:appian:types</namespace>
            </type>
        </namedTypedValue>
        <preferredEditor>legacy</preferredEditor>
        <offlineEnabled>false</offlineEnabled>
    </rule>
    <roleMap public="true">
        <role inherit="true" allowForAll="false" name="readers">
            <users/>
            <groups/>
        </role>
        <role inherit="true" allowForAll="false" name="authors">
            <users/>
            <groups/>
        </role>
        <role inherit="true" allowForAll="false" name="administrators">
            <users/>
            <groups/>
        </role>
        <role inherit="false" allowForAll="false" name="denyReaders">
            <users/>
            <groups/>
        </role>
        <role inherit="false" allowForAll="false" name="denyAuthors">
            <users/>
            <groups/>
        </role>
        <role inherit="false" allowForAll="false" name="denyAdministrators">
            <users/>
            <groups/>
        </role>
    </roleMap>
    <history>
        <historyInfo versionUuid="_a-0000e0cc-32fb-8000-29b4-01ef9001ef90_23607"/>
        <historyInfo versionUuid="_a-0000e0cd-fd96-8000-29b4-01ef9001ef90_23775"/>
        <historyInfo versionUuid="_a-0000e33e-306f-8000-2e07-01ef9001ef90_22509"/>
    </history>
</contentHaul>
