<?xml version="1.0" encoding="UTF-8" standalone="yes"?>
<contentHaul xmlns:a="http://www.appian.com/ae/types/2009">
    <versionUuid>_a-0000e33e-306f-8000-2e07-01ef9001ef90_22506</versionUuid>
    <rule>
        <name>CLN_ReturnApplicationsToCleanToday</name>
        <uuid>_a-0000e0cc-32fb-8000-29b4-01ef9001ef90_23406</uuid>
        <description>Returns a list of CLN_Applications to cleanup today</description>
        <parentUuid>_a-0000e02b-d480-8000-9ba2-011c48011c48_578623</parentUuid>
        <visibility>
            <advertise>false</advertise>
            <hierarchy>true</hierarchy>
            <indexable>true</indexable>
            <quota>false</quota>
            <searchable>true</searchable>
            <system>false</system>
            <unlogged>false</unlogged>
        </visibility>
        <definition>with(
  local!allApplications: #"_a-0000e0cb-9c1d-8000-29b4-01ef9001ef90_21818"().data,
  
  filter(
    #"_a-0000e0cc-32fb-8000-29b4-01ef9001ef90_23394"(
      CLN_Application: _
    ),
    local!allApplications
  )
)</definition>
        <preferredEditor>legacy</preferredEditor>
        <offlineEnabled>false</offlineEnabled>
    </rule>
    <roleMap public="true">
        <role inherit="true" allowForAll="false" name="readers">
            <users/>
            <groups/>
        </role>
        <role inherit="true" allowForAll="false" name="authors">
            <users/>
            <groups/>
        </role>
        <role inherit="true" allowForAll="false" name="administrators">
            <users/>
            <groups/>
        </role>
        <role inherit="false" allowForAll="false" name="denyReaders">
            <users/>
            <groups/>
        </role>
        <role inherit="false" allowForAll="false" name="denyAuthors">
            <users/>
            <groups/>
        </role>
        <role inherit="false" allowForAll="false" name="denyAdministrators">
            <users/>
            <groups/>
        </role>
    </roleMap>
    <history>
        <historyInfo versionUuid="_a-0000e0cc-32fb-8000-29b4-01ef9001ef90_23432"/>
        <historyInfo versionUuid="_a-0000e0cd-fd96-8000-29b4-01ef9001ef90_23756"/>
        <historyInfo versionUuid="_a-0000e33e-306f-8000-2e07-01ef9001ef90_22506"/>
    </history>
</contentHaul>
