<?xml version="1.0" encoding="UTF-8" standalone="yes"?>
<contentHaul xmlns:a="http://www.appian.com/ae/types/2009">
    <versionUuid>_a-0000e33e-306f-8000-2e07-01ef9001ef90_22514</versionUuid>
    <rule>
        <name>CLN_GetProcessesDataSubsetToCancel</name>
        <uuid>_a-0000e0cb-9c1d-8000-29b4-01ef9001ef90_22790</uuid>
        <description></description>
        <parentUuid>_a-0000e02b-d480-8000-9ba2-011c48011c48_578623</parentUuid>
        <visibility>
            <advertise>false</advertise>
            <hierarchy>true</hierarchy>
            <indexable>true</indexable>
            <quota>false</quota>
            <searchable>true</searchable>
            <system>false</system>
            <unlogged>false</unlogged>
        </visibility>
        <definition>a!queryProcessAnalytics(
  report: #"_a-0000e0cb-9c1d-8000-29b4-01ef9001ef90_22698",
  query: #"SYSTEM_SYSRULES_query"(
    logicalExpression: #"SYSTEM_SYSRULES_queryLogicalExpression"(
      operator: "OR",
      logicalExpressions: #"SYSTEM_SYSRULES_forEach"(
        items: ri!CLN_Applications,
        expression: #"SYSTEM_SYSRULES_queryLogicalExpression"(
          operator: "AND",
          filters: {
            /*Process model acronym filter*/
            if(
              fv!item.acronym = "*",
              /*all processes*/
              #"SYSTEM_SYSRULES_queryFilter"(field: "c2", operator: "&lt;", value: now() + 1),
              #"SYSTEM_SYSRULES_queryFilter"(field: "c12", operator: "starts with", value: fv!item.acronym)
            ),
            /*Start time filter*/
            if(
              isnull(fv!item.processDuration),
              {},
              #"SYSTEM_SYSRULES_queryFilter"(field: "c2", operator: "&lt;", value: now() - fv!item.processDuration)
            )
          }
        )
      )
    ),
    pagingInfo: #"SYSTEM_SYSRULES_pagingInfo"(
      startIndex: 1,
      batchSize: ri!batchSize,
      sort: #"SYSTEM_SYSRULES_sortInfo"(
        field: "c2",
        ascending: true
      )
    )
  )
)</definition>
        <namedTypedValue>
            <name>CLN_Applications</name>
            <type>
                <name>CLN_Application?list</name>
                <namespace>urn:com:appian:types</namespace>
            </type>
        </namedTypedValue>
        <namedTypedValue>
            <name>batchSize</name>
            <type>
                <name>int</name>
                <namespace>http://www.w3.org/2001/XMLSchema</namespace>
            </type>
        </namedTypedValue>
        <preferredEditor>legacy</preferredEditor>
        <offlineEnabled>false</offlineEnabled>
    </rule>
    <roleMap public="true">
        <role inherit="true" allowForAll="false" name="readers">
            <users/>
            <groups/>
        </role>
        <role inherit="true" allowForAll="false" name="authors">
            <users/>
            <groups/>
        </role>
        <role inherit="true" allowForAll="false" name="administrators">
            <users/>
            <groups/>
        </role>
        <role inherit="false" allowForAll="false" name="denyReaders">
            <users/>
            <groups/>
        </role>
        <role inherit="false" allowForAll="false" name="denyAuthors">
            <users/>
            <groups/>
        </role>
        <role inherit="false" allowForAll="false" name="denyAdministrators">
            <users/>
            <groups/>
        </role>
    </roleMap>
    <history>
        <historyInfo versionUuid="_a-0000e0cb-9c1d-8000-29b4-01ef9001ef90_22867"/>
        <historyInfo versionUuid="_a-0000e0cb-9c1d-8000-29b4-01ef9001ef90_22974"/>
        <historyInfo versionUuid="_a-0000e0cd-fd96-8000-29b4-01ef9001ef90_23817"/>
        <historyInfo versionUuid="_a-0000e33e-306f-8000-2e07-01ef9001ef90_22514"/>
    </history>
</contentHaul>
