<?xml version="1.0" encoding="UTF-8" standalone="yes"?>
<contentHaul xmlns:a="http://www.appian.com/ae/types/2009">
    <versionUuid>_a-0000e5f3-69f4-8000-e0ca-abef90abef90_11854</versionUuid>
    <rule>
        <name>CLN_ManageApplications</name>
        <uuid>_a-0000e02b-d480-8000-9ba2-011c48011c48_578628</uuid>
        <description></description>
        <parentUuid>_a-0000e02b-d480-8000-9ba2-011c48011c48_578623</parentUuid>
        <visibility>
            <advertise>false</advertise>
            <hierarchy>true</hierarchy>
            <indexable>true</indexable>
            <quota>false</quota>
            <searchable>true</searchable>
            <system>false</system>
            <unlogged>false</unlogged>
        </visibility>
        <definition>a!localVariables(
  local!applications,
  local!applicationsDataSubset: #"_a-0000e0cb-9c1d-8000-29b4-01ef9001ef90_21818"(),
  local!selectedApplicationIds: {},
  local!selectedApplicationIdsIntersection: a!refreshVariable(
    refreshAlways: true,
    value: intersection(
      tointeger(local!selectedApplicationIds),
      tointeger(local!applicationsDataSubset.identifiers)
    )
  ),
  local!writeToDatastore: a!refreshVariable(
    value: #"SYSTEM_SYSRULES_writeToDataStoreEntity"(
      dataStoreEntity: #"_a-0000e02b-d480-8000-9ba2-011c48011c48_578849",
      valueToStore: _,
      onSuccess: a!save(local!applicationsDataSubset, #"_a-0000e0cb-9c1d-8000-29b4-01ef9001ef90_21818"())
    ),
    refreshAlways: true
  ),
  {
    #"_a-0000e5ce-aed2-8000-e0c5-abef90abef90_6838"(),
    #"SYSTEM_SYSRULES_ButtonLayout"(
      primaryButtons: {
        #"SYSTEM_SYSRULES_ButtonWidget"(
          label: "Cleanup Selected Application(s)",
          style: "DESTRUCTIVE",
          confirmMessage: "Are you sure you want to cleanup these applications right now?",
          confirmButtonLabel: "Cleanup",
          disabled: #"_a-0000e0a7-66bf-8000-9ba2-011c48011c48_1430935"(local!selectedApplicationIdsIntersection),
          saveInto: {
            a!save(
              local!applications,
              #"_a-0000e0cb-9c1d-8000-29b4-01ef9001ef90_21858"(
                ids: local!selectedApplicationIdsIntersection
              ).data
            ),
            #"SYSTEM_SYSRULES_startProcess"(
              processModel: #"_a-0000e5ce-aed2-8000-e0c5-abef90abef90_6832",
              processParameters: {
                CLN_Applications: local!applications
              }
            )
          }
        )
      }
    ),
    #"SYSTEM_SYSRULES_gridLayout"(
      label: "",
      borderStyle: "LIGHT",
      headerCells: {
        #"SYSTEM_SYSRULES_gridLayoutHeaderCell"(
          label: "Application Name"
        ),
        #"SYSTEM_SYSRULES_gridLayoutHeaderCell"(
          label: "Process Model Acronym"
        ),
        #"SYSTEM_SYSRULES_gridLayoutHeaderCell"(
          label: "Process Duration (days)",
          helpTooltip: "Cancel all processes older than X days",
          align: "RIGHT"
        ),
        #"SYSTEM_SYSRULES_gridLayoutHeaderCell"(
          label: "Process Model Versions",
          helpTooltip: "Keep the last X versions",
          align: "RIGHT"
        ),
        #"SYSTEM_SYSRULES_gridLayoutHeaderCell"(
          label: "Process Model Days",
          helpTooltip: "Keep all versions from the last X days",
          align: "RIGHT"
        ),
        #"SYSTEM_SYSRULES_gridLayoutHeaderCell"(
          label: "Document Folders"
        ),
        #"SYSTEM_SYSRULES_gridLayoutHeaderCell"(
          label: "Document Days",
          helpTooltip: "Delete all documents older than X days",
          align: "RIGHT"
        ),
        #"SYSTEM_SYSRULES_gridLayoutHeaderCell"(
          label: "Rule Folders",
          align: "RIGHT"
        ),
        #"SYSTEM_SYSRULES_gridLayoutHeaderCell"(
          label: "Rule Versions",
          helpTooltip: "Keep the last X versions",
          align: "RIGHT"
        ),
        #"SYSTEM_SYSRULES_gridLayoutHeaderCell"(
          label: "Rule Days",
          helpTooltip: "Keep all versions from the last X days",
          align: "RIGHT"
        ),
        #"SYSTEM_SYSRULES_gridLayoutHeaderCell"(
          label: "Stored Procedures"
        ),
        #"SYSTEM_SYSRULES_gridLayoutHeaderCell"(
          label: "Next Cleanup Date",
          align: "RIGHT"
        ),
        #"SYSTEM_SYSRULES_gridLayoutHeaderCell"(
          label: "Cleanup Increment (days)",
          helpTooltip: "Run the cleanup every X days",
          align: "RIGHT"
        ),
        #"SYSTEM_SYSRULES_gridLayoutHeaderCell"()
      },
      columnConfigs: {
        #"SYSTEM_SYSRULES_gridLayoutColumnConfig"(weight: 3),
        #"SYSTEM_SYSRULES_gridLayoutColumnConfig"(weight: 1),
        #"SYSTEM_SYSRULES_gridLayoutColumnConfig"(weight: 1),
        #"SYSTEM_SYSRULES_gridLayoutColumnConfig"(weight: 1),
        #"SYSTEM_SYSRULES_gridLayoutColumnConfig"(weight: 1),
        #"SYSTEM_SYSRULES_gridLayoutColumnConfig"(weight: 1),
        #"SYSTEM_SYSRULES_gridLayoutColumnConfig"(weight: 1),
        #"SYSTEM_SYSRULES_gridLayoutColumnConfig"(weight: 1),
        #"SYSTEM_SYSRULES_gridLayoutColumnConfig"(weight: 1),
        #"SYSTEM_SYSRULES_gridLayoutColumnConfig"(weight: 1),
        #"SYSTEM_SYSRULES_gridLayoutColumnConfig"(weight: 1),
        #"SYSTEM_SYSRULES_gridLayoutColumnConfig"(weight: 1),
        #"SYSTEM_SYSRULES_gridLayoutColumnConfig"(weight: 1),
        #"SYSTEM_SYSRULES_gridLayoutColumnConfig"(width : "ICON")
      },
      selectable: true,
      totalCount: local!applicationsDataSubset.totalCount,
      selectionValue: local!selectedApplicationIdsIntersection,
      selectionSaveInto: local!selectedApplicationIds,
      shadeAlternateRows: true,
      rows: #"SYSTEM_SYSRULES_forEach"(
        items: local!applicationsDataSubset,
        expression: #"SYSTEM_SYSRULES_gridRowLayout"(
          id: fv!item.id,
          contents: {
            #"SYSTEM_SYSRULES_textField"(
              required: true,
              value: fv!item.name,
              saveInto: {
                fv!item.name,
                #"SYSTEM_SYSRULES_writeToDataStoreEntity"(
                  dataStoreEntity: #"_a-0000e02b-d480-8000-9ba2-011c48011c48_578849",
                  valueToStore: fv!item,
                  onSuccess: a!save(local!applicationsDataSubset, #"_a-0000e0cb-9c1d-8000-29b4-01ef9001ef90_21818"())
                )
              }
            ),
            #"SYSTEM_SYSRULES_textField"(
              required: true,
              value: fv!item.acronym,
              saveInto: {
                fv!item.acronym,
                local!writeToDatastore(fv!item)
              }
            ),
            #"SYSTEM_SYSRULES_integerField"(
              value: fv!item.processDuration,
              align: "RIGHT",
              saveInto: {
                fv!item.processDuration,
                local!writeToDatastore(fv!item)
              }
            ),
            #"SYSTEM_SYSRULES_integerField"(
              value: fv!item.pmVersionNumToKeep,
              align: "RIGHT",
              validations: if(
                tointeger(fv!item.pmVersionNumToKeep) &lt; 2,
                "Must be greater than 1",
                null
              ),
              saveInto: {
                fv!item.pmVersionNumToKeep,
                local!writeToDatastore(fv!item)
              }
            ),
            #"SYSTEM_SYSRULES_integerField"(
              value: fv!item.pmVersionDaysToKeep,
              align: "RIGHT",
              validations: if(
                tointeger(fv!item.pmVersionDaysToKeep) &lt; 14,
                "Must be greater than 14",
                null
              ),
              saveInto: {
                fv!item.pmVersionDaysToKeep,
                local!writeToDatastore(fv!item)
              }
            ),
            #"SYSTEM_SYSRULES_pickerFieldFolders"(
              value: #"SYSTEM_SYSRULES_forEach"(
                items: if(isnull(fv!item.documentFolderIds), null, split(fv!item.documentFolderIds, ",")),
                expression: tofolder(fv!item)
              ),
              saveInto: {
                a!save(
                  fv!item.documentFolderIds,
                  joinarray(save!value, ",")
                ),
                local!writeToDatastore(fv!item)
              }
            ),
            #"SYSTEM_SYSRULES_integerField"(
              value: fv!item.documentDaysToKeep,
              align: "RIGHT",
              saveInto: {
                fv!item.documentDaysToKeep,
                local!writeToDatastore(fv!item)
              }
            ),
            #"SYSTEM_SYSRULES_pickerFieldFolders"(
              value: #"SYSTEM_SYSRULES_forEach"(
                items: if(isnull(fv!item.ruleFolderIds), null, split(fv!item.ruleFolderIds, ",")),
                expression: tofolder(fv!item)
              ),
              saveInto: {
                a!save(
                  fv!item.ruleFolderIds,
                  joinarray(save!value, ",")
                ),
                local!writeToDatastore(fv!item)
              }
            ),
            #"SYSTEM_SYSRULES_integerField"(
              value: fv!item.ruleVersionNumToKeep,
              align: "RIGHT",
              validations: if(
                tointeger(fv!item.ruleVersionNumToKeep) &lt; 2,
                "Must be greater than 14",
                null
              ),
              saveInto: {
                fv!item.ruleVersionNumToKeep,
                local!writeToDatastore(fv!item)
              }
            ),
            #"SYSTEM_SYSRULES_integerField"(
              value: fv!item.ruleVersionDaysToKeep,
              align: "RIGHT",
              validations: if(
                tointeger(fv!item.ruleVersionDaysToKeep) &lt; 14,
                "Must be greater than 14",
                null
              ),
              saveInto: {
                fv!item.ruleVersionDaysToKeep,
                local!writeToDatastore(fv!item)
              }
            ),
            #"SYSTEM_SYSRULES_textField"(
              value: fv!item.storedProcedures,
              saveInto: {
                fv!item.storedProcedures,
                local!writeToDatastore(fv!item)
              }
            ),
            #"SYSTEM_SYSRULES_dateField"(
              value: fv!item.nextRunDate,
              align: "RIGHT",
              saveInto: {
                fv!item.nextRunDate,
                local!writeToDatastore(fv!item)
              }
            ),
            #"SYSTEM_SYSRULES_integerField"(
              value: fv!item.runIncrement,
              align: "RIGHT",
              saveInto: {
                fv!item.runIncrement,
                local!writeToDatastore(fv!item)
              }
            ),
            #"SYSTEM_SYSRULES_imageField_v1"(
              label: "delete " &amp; fv!index,
              images: #"SYSTEM_SYSRULES_documentImage"(
                document: #"SYSTEM_SYSRULES_iconIndicator"("REMOVE"),
                altText: "Remove",
                caption: "Remove",
                link: #"SYSTEM_SYSRULES_dynamicLink"(
                  value: fv!item.id,
                  saveInto: {
                    #"SYSTEM_SYSRULES_deleteFromDataStoreEntities"(
                      dataToDelete: #"SYSTEM_SYSRULES_entityDataIdentifiers"(
                        entity: #"_a-0000e02b-d480-8000-9ba2-011c48011c48_578849",
                        identifiers: fv!item.id
                      ),
                      deletionComment: "Delete by " &amp; loggedInUser(),
                      onSuccess: a!save(local!applicationsDataSubset, #"_a-0000e0cb-9c1d-8000-29b4-01ef9001ef90_21818"())
                    )
                  }
                )
              ),
              size: "ICON"
            )
          }
        )
      ),
      addRowLink: #"SYSTEM_SYSRULES_dynamicLink"(
        label: "Add New Application",
        saveInto: {
          #"SYSTEM_SYSRULES_writeToDataStoreEntity"(
            dataStoreEntity: #"_a-0000e02b-d480-8000-9ba2-011c48011c48_578849",
            valueToStore: 'type!{urn:com:appian:types}CLN_Application'(),
            onSuccess: a!save(local!applicationsDataSubset, #"_a-0000e0cb-9c1d-8000-29b4-01ef9001ef90_21818"())
          )
        }
      )
    ),
    #"SYSTEM_SYSRULES_richTextDisplayField"(
      align: "LEFT",
      showWhen: not(#"_a-0000e0a7-66bf-8000-9ba2-011c48011c48_1430935"(local!selectedApplicationIdsIntersection)),
      value: #"SYSTEM_SYSRULES_richTextItem"(
        text: {
          #"SYSTEM_SYSRULES_richTextItem"(
            text: "Cleaning up the selected applications will cancel approximately "
          ),
          #"SYSTEM_SYSRULES_richTextItem"(
            text: {
              #"_a-0000e0cb-9c1d-8000-29b4-01ef9001ef90_22840"(
                CLN_Applications: local!applicationsDataSubset.data,
                selectedApplicationIds: local!selectedApplicationIdsIntersection
              ),
              " running processes"
            },
            style: "STRONG"
          )
        },
        style: "EMPHASIS"
      )
    ),
    #"_a-0000e5d0-23a7-8000-e0c6-abef90abef90_11482"()
  }
)</definition>
        <preferredEditor>interface</preferredEditor>
        <offlineEnabled>false</offlineEnabled>
    </rule>
    <roleMap public="true">
        <role inherit="true" allowForAll="false" name="readers">
            <users/>
            <groups/>
        </role>
        <role inherit="true" allowForAll="false" name="authors">
            <users/>
            <groups/>
        </role>
        <role inherit="true" allowForAll="false" name="administrators">
            <users/>
            <groups/>
        </role>
        <role inherit="false" allowForAll="false" name="denyReaders">
            <users/>
            <groups/>
        </role>
        <role inherit="false" allowForAll="false" name="denyAuthors">
            <users/>
            <groups/>
        </role>
        <role inherit="false" allowForAll="false" name="denyAdministrators">
            <users/>
            <groups/>
        </role>
    </roleMap>
    <history>
        <historyInfo versionUuid="_a-0000e02c-d47c-8000-9ba2-011c48011c48_592959"/>
        <historyInfo versionUuid="_a-0000e0a7-66bf-8000-9ba2-011c48011c48_1430984"/>
        <historyInfo versionUuid="_a-0000e0cb-9c1d-8000-29b4-01ef9001ef90_22930"/>
        <historyInfo versionUuid="_a-0000e0cb-9c1d-8000-29b4-01ef9001ef90_22953"/>
        <historyInfo versionUuid="_a-0000e0cc-32fb-8000-29b4-01ef9001ef90_23623"/>
        <historyInfo versionUuid="_a-0000e0cd-fd96-8000-29b4-01ef9001ef90_23836"/>
        <historyInfo versionUuid="_a-0000e321-612f-8000-9ba2-011c48011c48_3264635"/>
        <historyInfo versionUuid="_a-0000e33e-306f-8000-2e07-01ef9001ef90_22591"/>
        <historyInfo versionUuid="_a-0000e437-7b09-8000-9ba2-011c48011c48_7488474"/>
        <historyInfo versionUuid="_a-0000e4a6-132d-8000-106d-eaef90eaef90_6853"/>
        <historyInfo versionUuid="_a-0000e4a6-132d-8000-106d-eaef90eaef90_6883"/>
        <historyInfo versionUuid="_a-0000e5ce-aed2-8000-e0c5-abef90abef90_7211"/>
        <historyInfo versionUuid="_a-0000e5ce-aed2-8000-e0c5-abef90abef90_8113"/>
        <historyInfo versionUuid="_a-0000e5d0-23a7-8000-e0c6-abef90abef90_11519"/>
        <historyInfo versionUuid="_a-0000e5f3-69f4-8000-e0ca-abef90abef90_11854"/>
    </history>
</contentHaul>
