<?xml version="1.0" encoding="UTF-8" standalone="yes"?>
<dataStoreHaul xmlns:a="http://www.appian.com/ae/types/2009">
    <versionUuid>_a-0000ea1f-1d37-8000-550d-3aef903aef90_7455</versionUuid>
    <dataStore>
        <uuid>_a-0000e02b-d480-8000-9ba2-011c48011c48_578617</uuid>
        <name>CLN_DataStore</name>
        <description></description>
        <dataSourceKey>jdbc/AppianAnywhere</dataSourceKey>
        <adaptingExplicitSqlNames>false</adaptingExplicitSqlNames>
        <autoUpdateSchema>false</autoUpdateSchema>
        <entities>
            <entity>
                <uuid>9a515010-cc9d-4c14-9555-19d3e4463818</uuid>
                <name>CLN Applications</name>
                <type>{urn:com:appian:types}CLN_Application</type>
            </entity>
        </entities>
    </dataStore>
    <isPublished>true</isPublished>
    <roleMap>
        <role inherit="false" allowForAll="false" name="administrators">
            <users/>
            <groups>
                <groupUuid>_e-0000e33e-306f-8000-2e07-011e94011e94_23</groupUuid>
            </groups>
        </role>
        <role inherit="false" allowForAll="false" name="authors">
            <users/>
            <groups/>
        </role>
        <role inherit="false" allowForAll="false" name="denyAdministrators">
            <users/>
            <groups/>
        </role>
        <role inherit="false" allowForAll="false" name="denyAuthors">
            <users/>
            <groups/>
        </role>
        <role inherit="false" allowForAll="false" name="denyReaders">
            <users/>
            <groups/>
        </role>
        <role inherit="false" allowForAll="false" name="readers">
            <users/>
            <groups>
                <groupUuid>_e-0000e33e-306f-8000-2e07-011e94011e94_21</groupUuid>
            </groups>
        </role>
    </roleMap>
    <history>
        <historyInfo versionUuid="_a-0000e02b-d480-8000-9ba2-011c48011c48_578683"/>
        <historyInfo versionUuid="_a-0000e0cb-9c1d-8000-29b4-01ef9001ef90_22723"/>
        <historyInfo versionUuid="_a-0000e0cc-32fb-8000-29b4-01ef9001ef90_23386"/>
        <historyInfo versionUuid="_a-0000e0cd-fa41-8000-9ba2-011c48011c48_2315271"/>
        <historyInfo versionUuid="_a-0000e23d-4886-8000-9ba2-011c48011c48_2869459"/>
        <historyInfo versionUuid="_a-0000e33e-306f-8000-2e07-01ef9001ef90_22493"/>
        <historyInfo versionUuid="_a-0000e34e-2d4e-8000-9ba2-011c48011c48_3987653"/>
        <historyInfo versionUuid="_a-0000e437-7b09-8000-9ba2-011c48011c48_7487715"/>
        <historyInfo versionUuid="_a-0000e4a6-132d-8000-106d-eaef90eaef90_6846"/>
        <historyInfo versionUuid="_a-0000e5ce-aed2-8000-e0c5-abef90abef90_7081"/>
        <historyInfo versionUuid="_a-0000e5d0-23a7-8000-e0c6-abef90abef90_8921"/>
        <historyInfo versionUuid="_a-0000e5f3-69f4-8000-e0ca-abef90abef90_11557"/>
        <historyInfo versionUuid="_a-0000e5fa-10a7-8000-e0ca-abef90abef90_11676"/>
        <historyInfo versionUuid="_a-0000e9fe-33fa-8000-550d-3aef903aef90_7424"/>
        <historyInfo versionUuid="_a-0000ea1f-1d37-8000-550d-3aef903aef90_7455"/>
    </history>
</dataStoreHaul>
